relation_id,sentence_id,description,is_true,expectation,words,c_start,c_length,p_start,p_length,p_length,features,weights
33497164@2_0-33497164@2_10,33497164@2,John Westbrooke-Witley,,0.952,"{Westbrooke,was,the,eldest,surviving,son,of,Caleb,Westbrooke,of,Witley,and,his,wife,Phoebe,Taylor,"","",daughter,of,Francis,Taylor,of,Godalming,"","",Surrey,.}",10,1,0,1,1,"{""INV_NGRAM_2_[son of]"",INV_NGRAM_1_[be],INV_W_LEMMA_L_1_R_1_[.]_[and],""INV_NGRAM_2_[be the]"",INV_NGRAM_1_[of],IS_INVERTED}","{1.07891,1.04369,0.885349,0.838489,0.650409,-0.557024}"
38747752@3_0-38747752@3_23,38747752@3,Milton H. Bren-Harry Bren,t,0.998,"{Bren,was,born,in,Los,Angeles,in,1904,to,a,Jewish,family,"","",the,son,of,Sadie,-LRB-,n,e,Simon,-RRB-,and,Harry,Bren,.}",23,2,0,1,1,"{num_words_between>20,INV_NGRAM_1_[bear],""INV_NGRAM_2_[son of]"",INV_NGRAM_1_[be],""INV_NGRAM_2_[be bear]"",INV_NGRAM_1_[and]}","{-1.26252,1.20678,1.07891,1.04369,0.984555,0.915322}"
176316@4_0-176316@4_12,176316@4,Loretta Lynn-Webb,,0.952,"{Lynn,is,the,daughter,of,coal,miner,Theodore,Melvin,``,Ted,'',Webb,-LRB-,born,October,24,"","",1906,died,February,23,"","",1959,-RRB-,and,Clara,Marie,``,Clary,'',Ramey,-LRB-,born,May,5,"","",1912,died,November,24,"","",1981,-RRB-,.}",12,1,0,1,1,"{INV_LENGTHS_[0_0],INV_NGRAM_1_[be],INV_NGRAM_1_[daughter],""INV_NGRAM_2_[daughter of]"",""INV_NGRAM_2_[be the]"",INV_NGRAM_1_[of]}","{-1.31463,1.04369,0.907746,0.905494,0.838489,0.650409}"
675561@18_0-675561@18_15,675561@18,Lewis Hamilton-Anthony Hamilton,t,1,"{Hamilton,'s,mother,"","",Carmen,Larbalestier,"","",is,white,British,"","",while,his,father,"","",Anthony,Hamilton,"","",is,black,British,"","",making,him,mixed-race,"","",-LRB-,Anthony,Hamilton,'s,parents,emigrated,from,Grenada,to,the,United,Kingdom,in,the,1950s,-RRB-,.}",15,2,0,1,1,"{INV_NGRAM_1_[father],""INV_NGRAM_2_[he father]"",INV_NGRAM_1_[mother],INV_NGRAM_1_[be],INV_LENGTHS_[3_1],""INV_W_LEMMA_L_1_R_1_[.]_[,]""}","{1.91966,1.09101,1.06873,1.04369,0.810366,0.741353}"
985206@8_0-985206@8_20,985206@8,Johnny Owen-Dick Owens,,0.99,"{Johnny,Owen,was,born,John,Richard,Owens,"","",the,fourth,of,a,family,of,eight,children,to,working,class,parents,Dick,and,Edith,Owens,in,Merthyr,Tydfil,on,7,January,1956,.}",20,2,0,2,2,"{INV_NGRAM_1_[bear],INV_NGRAM_1_[be],""INV_NGRAM_2_[be bear]"",""INV_NGRAM_2_[, the]"",INV_NGRAM_1_[parent],INV_NGRAM_1_[of]}","{1.20678,1.04369,0.984555,0.834822,0.669823,0.650409}"
8369012@14_0-8369012@14_19,8369012@14,Christopher Bassford-Carl von Clausewitz,,0.93,"{Bassford,is,the,editor,of,The,Clausewitz,Homepage,"","",an,educational,website,that,focuses,on,the,German,military,philosopher,Carl,von,Clausewitz,.}",19,3,0,1,1,"{INV_NGRAM_1_[be],""INV_NGRAM_2_[be the]"",INV_LENGTHS_[3_1],INV_NGRAM_1_[of],IS_INVERTED,INV_STARTS_WITH_CAPITAL_[True_True]}","{1.04369,0.838489,0.810366,0.650409,-0.557024,-0.454179}"
36954757@9_0-36954757@9_25,36954757@9,Didier Diderot-Antoine Thomas,,0.95,"{Didier,-LRB-,compare,also,Desiderius,of,Langres,-RRB-,had,five,brothers,-,but,Didier,was,the,second,son,-,and,one,sister,;,these,were,Antoine,Thomas,-LRB-,1682-1755,-RRB-,"","",Claude,-LRB-,1687-1689,-RRB-,"","",Fran,ois,-LRB-,*,1688,-RRB-,"","",Felix,-LRB-,*,1689,-RRB-,and,Didier,-LRB-,*,1690,-RRB-,and,Catherine,Diderot,-LRB-,*,1690,-RRB-,.}",25,2,0,1,1,"{num_words_between>20,INV_NGRAM_1_[be],INV_NGRAM_1_[and],""INV_NGRAM_2_[be the]"",INV_NGRAM_1_[of],INV_NGRAM_1_[brother]}","{-1.26252,1.04369,0.915322,0.838489,0.650409,-0.641085}"
2633317@14_11-2633317@14_21,2633317@14,Tyson Gay-Greg Mitchell,t,0.982,"{Born,on,August,9,"","",1982,in,Lexington,"","",Kentucky,"","",Tyson,Gay,is,the,only,son,of,Daisy,Gay,and,Greg,Mitchell,.}",21,2,11,2,2,"{""INV_NGRAM_2_[son of]"",INV_NGRAM_1_[be],INV_NGRAM_1_[and],""INV_NGRAM_2_[be the]"",INV_NGRAM_1_[of],IS_INVERTED}","{1.07891,1.04369,0.915322,0.838489,0.650409,-0.557024}"
39280162@4_0-39280162@4_11,39280162@4,Rainbeau Mars-Brigitte Mars,t,0.958,"{Rainbeau,was,raised,in,Boulder,"","",Colorado,by,her,mother,"","",Brigitte,Mars,"","",an,author,and,herbalist,"","",and,by,her,father,"","",Tomas,Henao,"","",Uni-Tea,founder,.}",11,2,0,1,1,"{INV_NGRAM_1_[mother],INV_NGRAM_1_[be],""INV_W_LEMMA_L_1_R_1_[.]_[,]"",IS_INVERTED,""INV_W_LEMMA_L_1_R_2_[.]_[, a]"",INV_STARTS_WITH_CAPITAL_[True_True]}","{1.06873,1.04369,0.741353,-0.557024,0.489777,-0.454179}"
7128709@5_9-7128709@5_19,7128709@5,"Henry Nevill, 9th Baron Bergavenny-John Lennard",,0.966,"{Nevill,was,the,son,of,Edward,Nevill,"","",8th,Baron,Bergavenny,and,his,wife,Rachel,Lennard,"","",daughter,of,John,Lennard,.}",19,2,9,2,2,"{INV_NGRAM_1_[and],INV_NGRAM_1_[daughter],""INV_NGRAM_2_[daughter of]"",INV_NGRAM_1_[of],IS_INVERTED,INV_STARTS_WITH_CAPITAL_[True_True]}","{0.915322,0.907746,0.905494,0.650409,-0.557024,-0.454179}"
7198152@2_0-7198152@2_6,7198152@2,Scott McKinsey-Beverlee McKinsey,t,0.982,"{McKinsey,is,the,son,of,actress,Beverlee,McKinsey,known,for,her,memorable,performances,on,Another,World,and,Guiding,Light,through,the,70s,"","",80s,and,90s,.}",6,2,0,1,1,"{""INV_NGRAM_2_[son of]"",INV_NGRAM_1_[be],""INV_NGRAM_2_[be the]"",INV_LENGTHS_[3_1],INV_NGRAM_1_[of],IS_INVERTED}","{1.07891,1.04369,0.838489,0.810366,0.650409,-0.557024}"
18886213@2_0-18886213@2_9,18886213@2,George Henry Bradbury-Matilda Morrow,,0.988,"{Bradbury,was,the,son,of,William,Murray,Bradbury,and,Matilda,Morrow,"","",immigrants,from,Ireland,"","",and,was,educated,in,Ottawa,.}",9,2,0,1,1,"{""INV_NGRAM_2_[son of]"",INV_NGRAM_1_[be],INV_NGRAM_1_[and],""INV_NGRAM_2_[be the]"",""INV_W_LEMMA_L_1_R_1_[.]_[,]"",INV_NGRAM_1_[of]}","{1.07891,1.04369,0.915322,0.838489,0.741353,0.650409}"
17906511@4_0-17906511@4_11,17906511@4,Russell McVinney-Thomas,,0.99,"{Russell,McVinney,was,born,in,Warren,"","",Rhode,Island,"","",to,Thomas,and,Catherine,-LRB-,n,e,Blessington,-RRB-,McVinney,.}",11,1,0,2,2,"{INV_NGRAM_1_[bear],INV_NGRAM_1_[be],""INV_NGRAM_2_[be bear]"",INV_W_LEMMA_L_1_R_1_[.]_[and],IS_INVERTED,""INV_BETW_[prep_to bear nsubjpass]""}","{1.20678,1.04369,0.984555,0.885349,-0.557024,0.554747}"
2948323@13_0-2948323@13_21,2948323@13,Alison Steadman-Evans,,0.978,"{Steadman,was,born,in,Liverpool,"","",Lancashire,"","",the,youngest,of,three,sisters,"","",the,daughter,of,Marjorie,-LRB-,n,e,Evans,-RRB-,"","",who,died,of,cancer,"","",and,George,Percival,Steadman,"","",who,worked,for,Plessey,"","",an,electronics,firm,"","",as,a,production,controller,.}",21,1,0,1,1,"{INV_LENGTHS_[1_1],INV_NGRAM_1_[bear],INV_NGRAM_1_[be],""INV_NGRAM_2_[be bear]"",INV_NGRAM_1_[daughter],""INV_NGRAM_2_[daughter of]""}","{-1.76446,1.20678,1.04369,0.984555,0.907746,0.905494}"
33653880@2_0-33653880@2_5,33653880@2,Thomas Sclater-Edward Sclater of Kingston-upon-Hull,,0.95,"{Sclater,was,the,son,of,Edward,Sclater,of,Kingston-upon-Hull,"","",Yorkshire,and,his,wife,Frances,Thompson,"","",daughter,of,Leonard,Thompson,"","",Lord,Mayor,of,York,.}",5,4,0,1,1,"{""INV_NGRAM_2_[son of]"",INV_NGRAM_1_[be],""INV_NGRAM_2_[be the]"",""INV_W_LEMMA_L_1_R_1_[.]_[,]"",INV_NGRAM_1_[of],IS_INVERTED}","{1.07891,1.04369,0.838489,0.741353,0.650409,-0.557024}"
100506@13_0-100506@13_14,100506@13,Max Weinberg-Bertram Weinberg,t,0.992,"{Weinberg,was,born,to,a,Jewish,family,in,Newark,"","",New,Jersey,to,parents,Bertram,Weinberg,"","",an,attorney,"","",and,Ruth,Weinberg,"","",a,high,school,physical,education,teacher,.}",14,2,0,1,1,"{INV_NGRAM_1_[bear],INV_NGRAM_1_[be],""INV_NGRAM_2_[be bear]"",INV_LENGTHS_[3_1],""INV_W_LEMMA_L_1_R_1_[.]_[,]"",INV_NGRAM_1_[parent]}","{1.20678,1.04369,0.984555,0.810366,0.741353,0.669823}"
964629@67_3-964629@67_26,964629@67,Vsevolod IV of Kiev-Roman Glebovich,,0.932,"{On,hearing,that,Vsevolod,had,expelled,Yaroslav,Vsevolodovich,from,Pereyaslavl,"","",his,father,Vsevolod,III,Yuryevich,summoned,his,eldest,son,Konstantin,Vsevolodovich,from,Novgorod,"","",prince,Roman,Glebovich,of,Ryazan,with,his,brothers,"","",and,prince,David,Yuryevich,of,Murom,.}",26,2,3,1,1,"{INV_NGRAM_1_[father],num_words_between>20,""INV_NGRAM_2_[he father]"",INV_LENGTHS_[3_1],IS_INVERTED,INV_NGRAM_1_[son]}","{1.91966,-1.26252,1.09101,0.810366,-0.557024,0.547759}"
6644623@2_0-6644623@2_26,6644623@2,Tim Choate-Ben Tom Choate,t,0.992,"{Choate,was,born,and,raised,in,Dallas,"","",Texas,"","",the,son,of,Betty,Nell,-LRB-,n,e,Strong,-RRB-,"","",a,commercial,artist,"","",and,Ben,Tom,Choate,"","",who,worked,in,building,and,construction,.}",26,3,0,1,1,"{num_words_between>20,INV_NGRAM_1_[bear],""INV_NGRAM_2_[son of]"",INV_NGRAM_1_[be],""INV_NGRAM_2_[be bear]"",INV_NGRAM_1_[and]}","{-1.26252,1.20678,1.07891,1.04369,0.984555,0.915322}"
951184@4_0-951184@4_15,951184@4,William Le Baron Jenney-William Proctor Jenney,,0.994,"{Jenney,was,born,in,Fairhaven,"","",Massachusetts,on,September,25,"","",1832,"","",son,of,William,Proctor,Jenney,and,Eliza,LeBaron,Gibbs,.}",15,3,0,1,1,"{INV_NGRAM_1_[bear],""INV_NGRAM_2_[son of]"",INV_NGRAM_1_[be],""INV_NGRAM_2_[be bear]"",INV_W_LEMMA_L_1_R_1_[.]_[and],INV_NGRAM_1_[of]}","{1.20678,1.07891,1.04369,0.984555,0.885349,0.650409}"
4554149@3_0-4554149@3_12,4554149@3,Ricardo Balbín-Cipriano Balb,,0.932,"{Ricardo,Balb,n,was,born,to,Encarnaci,n,Morales,Balb,n,and,Cipriano,Balb,n,in,the,city,of,Buenos,Aires,"","",in,1904,.}",12,2,0,2,2,"{INV_NGRAM_1_[bear],INV_NGRAM_1_[be],""INV_NGRAM_2_[be bear]"",INV_NGRAM_1_[and],IS_INVERTED,INV_STARTS_WITH_CAPITAL_[True_True]}","{1.20678,1.04369,0.984555,0.915322,-0.557024,-0.454179}"
3495939@4_7-3495939@4_28,3495939@4,F. Augustus Heinze-Lida Lacey,,1,"{Fritz,Augustus,Heinze,-LRB-,known,as,F,Augustus,Heinze,-RRB-,was,born,in,Brooklyn,"","",New,York,"","",to,wealthy,immigrant,parents,"","",Otto,Heinze,from,Germany,and,Lida,Lacey,from,Ireland,.}",28,2,7,2,2,"{INV_NGRAM_1_[bear],INV_NGRAM_1_[be],""INV_NGRAM_2_[be bear]"",INV_NGRAM_1_[and],INV_NGRAM_1_[parent],IS_INVERTED}","{1.20678,1.04369,0.984555,0.915322,0.669823,-0.557024}"
18574297@1_3-18574297@1_21,18574297@1,Nikola Poplašen-Chetnik Voivode,,0.918,"{Nikola,Popla,en,Nikola,Popla,en,-LRB-,-RRB-,-LRB-,born,1951,in,Sombor,-RRB-,is,a,former,Bosnian,Serb,politician,and,Chetnik,Voivode,.}",21,2,3,2,2,"{INV_NGRAM_1_[bear],INV_NGRAM_1_[be],INV_LENGTHS_[3_2],INV_NGRAM_1_[and],IS_INVERTED,INV_NGRAM_1_[-rrb-]}","{1.20678,1.04369,0.978387,0.915322,-0.557024,0.471323}"
479421@15_0-479421@15_6,479421@15,John Gresham Machen-Arthur Webster Machen,,0.964,"{Machen,was,born,in,Baltimore,to,Arthur,Webster,Machen,and,Mary,Jones,Gresham,.}",6,3,0,1,1,"{INV_NGRAM_1_[bear],INV_NGRAM_1_[be],""INV_NGRAM_2_[be bear]"",INV_W_LEMMA_L_1_R_1_[.]_[and],IS_INVERTED,""INV_BETW_[prep_to bear nsubjpass]""}","{1.20678,1.04369,0.984555,0.885349,-0.557024,0.554747}"
161488@7_19-161488@7_23,161488@7,Philippe de Carteret II-Rachel Poulet,,0.942,"{Elizabeth,Paulet,was,a,great,niece,of,William,Paulet,"","",1st,Marquess,of,Winchester,and,a,third,cousin,of,Philippe,'s,mother,"","",Rachel,Poulet,.}",23,2,19,1,1,"{INV_NGRAM_1_[mother],""INV_NER_SEQ_[O O O]"",INV_NGRAM_1_['s],""INV_NGRAM_2_['s mother]"",IS_INVERTED,INV_STARTS_WITH_CAPITAL_[True_True]}","{1.06873,0.726181,-0.6121,0.609773,-0.557024,-0.454179}"
221558@11_0-221558@11_12,221558@11,Kevin Kline-Margaret Joseph Kline,,0.998,"{Kline,was,born,in,St.,Louis,"","",Missouri,"","",the,son,of,Margaret,and,Robert,Joseph,Kline,.}",12,3,0,1,1,"{INV_NGRAM_1_[bear],""INV_NGRAM_2_[son of]"",INV_NGRAM_1_[be],""INV_NGRAM_2_[be bear]"",""INV_NGRAM_2_[, the]"",INV_LENGTHS_[3_1]}","{1.20678,1.07891,1.04369,0.984555,0.834822,0.810366}"
24029990@3_0-24029990@3_15,24029990@3,"William O'Brien, 3rd Earl of Inchiquin-Margareth Boyle",,0.992,"{William,O'Brien,was,the,son,of,William,O'Brien,"","",2nd,Earl,of,Inchiquin,and,Lady,Margareth,Boyle,.}",15,2,0,2,2,"{""INV_NGRAM_2_[son of]"",INV_NGRAM_1_[be],INV_NGRAM_1_[and],""INV_NGRAM_2_[be the]"",INV_LENGTHS_[3_3],INV_NGRAM_1_[of]}","{1.07891,1.04369,0.915322,0.838489,0.690648,0.650409}"
4073616@3_0-4073616@3_10,4073616@3,Arthur Macalister-John Macalister,,0.998,"{Macalister,was,born,in,Glasgow,"","",Scotland,"","",son,of,John,Macalister,"","",a,cabinet,maker,"","",and,his,wife,Mary,"","",``,n,e,'',Scoullar,.}",10,2,0,1,1,"{INV_NGRAM_1_[bear],""INV_NGRAM_2_[son of]"",INV_NGRAM_1_[be],""INV_NGRAM_2_[be bear]"",INV_LENGTHS_[3_2],""INV_W_LEMMA_L_1_R_1_[.]_[,]""}","{1.20678,1.07891,1.04369,0.984555,0.978387,0.741353}"
18693149@2_6-18693149@2_24,18693149@2,Manuel Antonio Bonilla Nava-Jos Joaqu n de Nava,,0.958,"{His,parents,were,F,lix,de,Bonilla,y,Pacheco,and,Catalina,de,Nava,L,pez,del,Corral,"","",the,daughter,of,the,Spanish,Governor,Jos,Joaqu,n,de,Nava,y,Cabezudo,.}",24,5,6,1,1,"{INV_NGRAM_1_[and],INV_NGRAM_1_[daughter],""INV_NGRAM_2_[daughter of]"",""INV_NGRAM_2_[, the]"",INV_LENGTHS_[3_1],INV_NGRAM_1_[of]}","{0.915322,0.907746,0.905494,0.834822,0.810366,0.650409}"
39986920@4_0-39986920@4_6,39986920@4,Marty J. Chabert-Viona Lapeyrouse,,0.962,"{Chabert,'s,mother,is,the,former,Viona,Lapeyrouse,;,both,parents,were,born,in,Chauvin,in,Terrebonne,Parish,.}",6,2,0,1,1,"{INV_NGRAM_1_[mother],INV_NGRAM_1_[be],""INV_NGRAM_2_[be the]"",INV_LENGTHS_[3_1],INV_NGRAM_1_['s],""INV_NGRAM_2_['s mother]""}","{1.06873,1.04369,0.838489,0.810366,-0.6121,0.609773}"
30094210@2_0-30094210@2_7,30094210@2,Niels Bjerrum-Jannik Petersen Bjerrum,t,0.988,"{Niels,Bjerrum,was,the,son,of,ophthalmologist,Jannik,Petersen,Bjerrum,"","",and,started,to,study,at,University,of,Copenhagen,in,1897,.}",7,3,0,2,2,"{""INV_NGRAM_2_[son of]"",INV_NGRAM_1_[be],""INV_NGRAM_2_[be the]"",""INV_W_LEMMA_L_1_R_1_[.]_[,]"",INV_NGRAM_1_[of],IS_INVERTED}","{1.07891,1.04369,0.838489,0.741353,0.650409,-0.557024}"
165934@11_0-165934@11_22,165934@11,Brenda Lee-Annie Grayce,,0.934,"{Lee,was,born,Brenda,Mae,Tarpley,in,the,charity,ward,of,Grady,Memorial,Hospital,in,Atlanta,"","",Georgia,"","",the,daughter,of,Annie,Grayce,-LRB-,Yarbrough,-RRB-,and,Reuben,Lindsey,Tarpley,.}",22,2,0,1,1,"{num_words_between>20,INV_NGRAM_1_[bear],INV_NGRAM_1_[be],""INV_NGRAM_2_[be bear]"",INV_NGRAM_1_[daughter],""INV_NGRAM_2_[daughter of]""}","{-1.26252,1.20678,1.04369,0.984555,0.907746,0.905494}"
12545919@4_0-12545919@4_11,12545919@4,Lodovico Altieri-Maria Anna di Sassonia,,0.956,"{Lodovico,Altieri,was,born,as,the,son,of,Paluzzo,Altieri,and,Maria,Anna,di,Sassonia,in,Rome,.}",11,4,0,2,2,"{INV_NGRAM_1_[bear],""INV_NGRAM_2_[son of]"",INV_NGRAM_1_[be],""INV_NGRAM_2_[be bear]"",INV_NGRAM_1_[and],INV_NGRAM_1_[as]}","{1.20678,1.07891,1.04369,0.984555,0.915322,-0.665815}"
1030617@4_0-1030617@4_20,1030617@4,Gyula Horn-Anna Cs,,0.962,"{Horn,was,born,in,Budapest,in,1932,as,the,third,child,of,transport,worker,G,za,Horn,and,factory,worker,Anna,Cs,rnyei,.}",20,2,0,1,1,"{INV_NGRAM_1_[bear],INV_NGRAM_1_[be],""INV_NGRAM_2_[be bear]"",INV_NGRAM_1_[and],INV_NGRAM_1_[as],INV_NGRAM_1_[of]}","{1.20678,1.04369,0.984555,0.915322,-0.665815,0.650409}"
42317713@5_0-42317713@5_19,42317713@5,Blaise Diesbourg-Mary Jane Diesbourg,,1,"{Diesbourg,was,born,in,Rochester,Township,"","",a,farming,area,near,Belle,River,"","",the,son,of,Paul,and,Mary,Jane,Diesbourg,"","",he,was,the,10th,of,12,children,.}",19,3,0,1,1,"{INV_NGRAM_1_[bear],""INV_NGRAM_2_[son of]"",INV_NGRAM_1_[be],""INV_NGRAM_2_[be bear]"",INV_NGRAM_1_[and],""INV_NGRAM_2_[, the]""}","{1.20678,1.07891,1.04369,0.984555,0.915322,0.834822}"
328383@4_0-328383@4_12,328383@4,David McCallum-Dorothy Dorman,t,0.996,"{McCallum,was,born,in,Glasgow,"","",the,second,of,two,sons,of,Dorothy,Dorman,"","",a,cellist,"","",and,orchestral,leader,David,McCallum,Sr.,.}",12,2,0,1,1,"{INV_NGRAM_1_[bear],""INV_NGRAM_2_[son of]"",INV_NGRAM_1_[be],""INV_NGRAM_2_[be bear]"",""INV_NGRAM_2_[, the]"",""INV_W_LEMMA_L_1_R_1_[.]_[,]""}","{1.20678,1.07891,1.04369,0.984555,0.834822,0.741353}"
32313119@3_0-32313119@3_9,32313119@3,William Barrowby-John Barrowby,,0.992,"{Barrowby,was,born,in,London,"","",the,son,of,John,Barrowby,"","",a,physician,.}",9,2,0,1,1,"{INV_NGRAM_1_[bear],""INV_NGRAM_2_[son of]"",INV_NGRAM_1_[be],""INV_NGRAM_2_[be bear]"",""INV_NGRAM_2_[, the]"",""INV_W_LEMMA_L_1_R_1_[.]_[,]""}","{1.20678,1.07891,1.04369,0.984555,0.834822,0.741353}"
79505@10_6-79505@10_31,79505@10,Serge Gainsbourg-Olga,,0.992,"{Born,in,Paris,"","",France,"","",Gainsbourg,was,the,son,of,Jewish,Russian,migrants,"","",Joseph,Ginsburg,-LRB-,28,December,1898,"","",in,Kharkov,"","",Ukraine,22,April,1971,-RRB-,and,Olga,-LRB-,n,e,Bessman,;,1894,16,March,1985,-RRB-,"","",who,fled,to,Paris,after,the,1917,Russian,Revolution,.}",31,1,6,1,1,"{num_words_between>20,""INV_NGRAM_2_[son of]"",INV_NGRAM_1_[be],INV_NGRAM_1_[and],""INV_NGRAM_2_[be the]"",INV_NGRAM_1_[of]}","{-1.26252,1.07891,1.04369,0.915322,0.838489,0.650409}"
4110100@4_0-4110100@4_34,4110100@4,"John Neville, Baron Neville-Thomas Holland",,1,"{John,Neville,was,born,about,1410,"","",the,second,son,of,Sir,John,Neville,-LRB-,d.,1420,-RRB-,and,Elizabeth,Holland,-LRB-,c.,1388,3,or,4,January,1423,-RRB-,"","",the,daughter,of,Thomas,Holland,"","",2nd,Earl,of,Kent,"","",and,Alice,FitzAlan,-LRB-,d.,17,March,1416,-RRB-,.}",34,2,0,2,2,"{num_words_between>20,INV_NGRAM_1_[bear],""INV_NGRAM_2_[son of]"",INV_NGRAM_1_[be],""INV_NGRAM_2_[be bear]"",INV_NGRAM_1_[and]}","{-1.26252,1.20678,1.07891,1.04369,0.984555,0.915322}"
29857383@3_0-29857383@3_8,29857383@3,Miles Atkinson-Christopher Atkinson,,0.998,"{Atkinson,was,the,second,son,of,the,Rev.,Christopher,Atkinson,"","",rector,of,Thorp,Arch,"","",Yorkshire,.}",8,2,0,1,1,"{""INV_NGRAM_2_[son of]"",INV_NGRAM_1_[be],""INV_NGRAM_2_[be the]"",""INV_W_LEMMA_L_1_R_1_[.]_[,]"",INV_NGRAM_1_[of],IS_INVERTED}","{1.07891,1.04369,0.838489,0.741353,0.650409,-0.557024}"
2088693@14_0-2088693@14_10,2088693@14,Floyd Landis-Paul Landis,t,0.996,"{Floyd,Landis,is,the,second,child,and,oldest,son,of,Paul,and,Arlene,Landis,.}",10,2,0,2,2,"{""INV_NGRAM_2_[son of]"",INV_NGRAM_1_[be],INV_NGRAM_1_[and],""INV_NGRAM_2_[be the]"",INV_NGRAM_1_[of],IS_INVERTED}","{1.07891,1.04369,0.915322,0.838489,0.650409,-0.557024}"
29656@8_0-29656@8_9,29656@8,Steve Ballmer-Beatrice Dworkin,t,1,"{Ballmer,was,born,in,Detroit,"","",the,son,of,Beatrice,Dworkin,and,Frederic,Henry,Ballmer,"","",a,manager,at,the,Ford,Motor,Company,.}",9,2,0,1,1,"{INV_NGRAM_1_[bear],""INV_NGRAM_2_[son of]"",INV_NGRAM_1_[be],""INV_NGRAM_2_[be bear]"",INV_W_LEMMA_L_1_R_1_[.]_[and],""INV_NGRAM_2_[, the]""}","{1.20678,1.07891,1.04369,0.984555,0.885349,0.834822}"
6504945@1_0-6504945@1_41,6504945@1,Rainer Forst-Gottfried Wilhelm Leibniz,,0.938,"{Rainer,Forst,Rainer,Forst,-LRB-,born,August,15,"","",1964,"","",Wiesbaden,-RRB-,is,a,German,philosopher,and,political,theorist,"","",and,was,named,the,``,most,important,political,philosopher,of,his,generation,'',in,2012,"","",when,he,won,the,Gottfried,Wilhelm,Leibniz,Prize,.}",41,3,0,2,2,"{num_words_between>20,INV_NGRAM_1_[bear],INV_NGRAM_1_[be],INV_NGRAM_1_[and],INV_NGRAM_1_[of],""INV_W_NER_L_3_R_1_[PERSON O O]_[O]""}","{-1.26252,1.20678,1.04369,0.915322,0.650409,0.586454}"
22776445@2_0-22776445@2_9,22776445@2,Juan Rafael Bustillo-John Toledo Bustillo,,0.992,"{Bustillo,was,born,in,San,Miguel,in,1935,to,John,and,Elena,Toledo,Bustillo,.}",9,3,0,1,1,"{INV_NGRAM_1_[bear],INV_NGRAM_1_[be],""INV_NGRAM_2_[be bear]"",IS_INVERTED,INV_STARTS_WITH_CAPITAL_[True_True],""INV_NGRAM_2_[bear in]""}","{1.20678,1.04369,0.984555,-0.557024,-0.454179,0.396796}"
471630@4_0-471630@4_27,471630@4,"Lionel Robbins, Baron Robbins-Harris",,0.976,"{Robbins,was,born,in,Sipson,"","",west,of,London,"","",the,son,of,Rowland,Richard,-LRB-,1872,1960,-RRB-,and,Rosa,Marion,Robbins,-LRB-,``,nee,'',Harris,-RRB-,.}",27,1,0,1,1,"{INV_LENGTHS_[1_1],num_words_between>20,INV_NGRAM_1_[bear],""INV_NGRAM_2_[son of]"",INV_NGRAM_1_[be],""INV_NGRAM_2_[be bear]""}","{-1.76446,-1.26252,1.20678,1.07891,1.04369,0.984555}"
21735812@5_0-21735812@5_4,21735812@5,Alfred Lambourne-William Wernham,,0.996,"{Lambourne,was,born,to,William,and,Martha,Wernham,in,Chieveley,"","",Berkshire,"","",England,on,the,River,Lambourn,.}",4,2,0,1,1,"{INV_NGRAM_1_[bear],INV_NGRAM_1_[be],""INV_NGRAM_2_[be bear]"",""INV_NER_SEQ_[O O O]"",IS_INVERTED,INV_STARTS_WITH_CAPITAL_[True_True]}","{1.20678,1.04369,0.984555,0.726181,-0.557024,-0.454179}"
31072323@5_0-31072323@5_20,31072323@5,Pandi Geço-Katerina Ballauri,,0.998,"{Pandi,Ge,o,was,born,in,Kor,"","",Albania,in,1913,"","",the,only,son,of,Niko,Ge,o,and,Katerina,Ballauri,.}",20,2,0,2,2,"{INV_NGRAM_1_[bear],""INV_NGRAM_2_[son of]"",INV_NGRAM_1_[be],""INV_NGRAM_2_[be bear]"",INV_NGRAM_1_[and],""INV_NGRAM_2_[, the]""}","{1.20678,1.07891,1.04369,0.984555,0.915322,0.834822}"
914259@5_19-914259@5_9,914259@5,George Pell-George Arthur,,0.928,"{Pell,was,born,in,Ballarat,"","",Victoria,"","",to,George,Arthur,and,Margaret,Lillian,-LRB-,n,e,Burke,-RRB-,Pell,.}",9,2,19,1,1,"{LENGTHS_[2_0],STARTS_WITH_CAPITAL_[True_True],NGRAM_1_[and],""W_NER_L_2_R_1_[O O]_[O]"",W_NER_L_1_R_1_[O]_[O],NGRAM_1_[e]}","{0.863857,-0.84906,0.53285,0.448502,-0.427419,0.323425}"
12344713@4_0-12344713@4_5,12344713@4,Merritt Paulson-Henry Merritt,,0.958,"{Merritt,Paulson,'s,father,is,Henry,Merritt,``,Hank,'',Paulson,Jr.,"","",an,American,banker,who,served,as,the,74th,United,States,Secretary,of,the,Treasury,"","",and,was,formerly,Chairman,and,CEO,of,Goldman,Sachs,.}",5,2,0,2,2,"{INV_NGRAM_1_[father],INV_NGRAM_1_[be],""INV_NER_SEQ_[O O O]"",INV_NGRAM_1_['s],IS_INVERTED,INV_STARTS_WITH_CAPITAL_[True_True]}","{1.91966,1.04369,0.726181,-0.6121,-0.557024,-0.454179}"
3863347@3_0-3863347@3_20,3863347@3,Mary Stott-Charlotte Mary Waddington,,0.962,"{Stott,was,born,on,18,July,1907,in,Leicester,to,Robert,and,Amalie,Waddington,-LRB-,n,e,Bates,-RRB-,as,Charlotte,Mary,Waddington,.}",20,3,0,1,1,"{INV_NGRAM_1_[bear],INV_NGRAM_1_[be],""INV_NGRAM_2_[be bear]"",INV_NGRAM_1_[and],INV_NGRAM_1_[as],IS_INVERTED}","{1.20678,1.04369,0.984555,0.915322,-0.665815,-0.557024}"
33229610@1_0-33229610@1_32,33229610@1,Peter Gentle-Mansfield Marksman,,0.95,"{Peter,Gentle,Peter,Gentle,-LRB-,born,Sunday,-RRB-,is,an,Australian,rugby,league,footballer,of,the,1980s,"","",and,current,coach,"","",playing,at,club,level,for,St.,George,Dragons,"","",and,Mansfield,Marksman,"","",as,a,"","",and,coaching,for,Wests,Tigers,-LRB-,assistant,-RRB-,"","",and,Hull,F.C.,.}",32,2,0,2,2,"{num_words_between>20,INV_NGRAM_1_[bear],INV_NGRAM_1_[be],INV_LENGTHS_[3_2],INV_NGRAM_1_[and],INV_NGRAM_1_[at]}","{-1.26252,1.20678,1.04369,0.978387,0.915322,-0.862965}"
16710902@4_0-16710902@4_7,16710902@4,Anna Leuhusen-Reinhold Leuhusen,,0.994,"{Anna,Leuhusen,was,born,the,child,of,Reinhold,Leuhusen,"","",merchant,in,Stockholm,"","",and,the,sister,of,Martin,Leuhusen,"","",who,is,listed,as,a,member,of,the,city,council,of,1521,;,Martin,Leuhusen,was,a,fervent,Catholic,who,did,not,convert,until,1536,.}",7,2,0,2,2,"{INV_NGRAM_1_[bear],INV_NGRAM_1_[be],""INV_NGRAM_2_[be bear]"",INV_LENGTHS_[3_2],""INV_W_LEMMA_L_1_R_1_[.]_[,]"",INV_NGRAM_1_[of]}","{1.20678,1.04369,0.984555,0.978387,0.741353,0.650409}"
31447160@3_0-31447160@3_15,31447160@3,Emma Edwards-Roger Edwards,t,0.99,"{Edwards,was,born,in,Portsmouth,"","",England,to,Norma,-LRB-,a,Falkland,Islanders,-RRB-,and,Roger,Edwards,.}",15,2,0,1,1,"{INV_NGRAM_1_[bear],INV_NGRAM_1_[be],""INV_NGRAM_2_[be bear]"",INV_NGRAM_1_[and],IS_INVERTED,""INV_NGRAM_2_[-rrb- and]""}","{1.20678,1.04369,0.984555,0.915322,-0.557024,0.550152}"
4711403@8_0-4711403@8_23,4711403@8,York Bowen-McKechnie,,0.972,"{York,Bowen,was,born,in,Crouch,Hill,"","",London,"","",to,a,father,who,was,the,owner,of,the,whisky,distillers,Bowen,and,McKechnie,.}",23,1,0,2,2,"{INV_NGRAM_1_[father],num_words_between>20,INV_NGRAM_1_[bear],INV_NGRAM_1_[be],""INV_NGRAM_2_[be bear]"",INV_NGRAM_1_[and]}","{1.91966,-1.26252,1.20678,1.04369,0.984555,0.915322}"
1666637@4_0-1666637@4_22,1666637@4,Hamilton Alexander Rosskeen Gibb-John Gibb,,0.96,"{Gibb,was,born,on,Wednesday,"","",2,January,1895,"","",in,Alexandria,"","",Egypt,"","",to,Alexander,Crawford,Gibb,-LRB-,son,of,John,Gibb,of,Gladstone,"","",Renfrewshire,"","",Scotland,-RRB-,and,Jane,Ann,Gardner,-LRB-,of,Greenock,"","",Scotland,-RRB-,.}",22,2,0,1,1,"{num_words_between>20,INV_NGRAM_1_[bear],""INV_NGRAM_2_[son of]"",INV_NGRAM_1_[be],""INV_NGRAM_2_[be bear]"",INV_NGRAM_1_[of]}","{-1.26252,1.20678,1.07891,1.04369,0.984555,0.650409}"
175433@5_0-175433@5_14,175433@5,J. I. M. Stewart-Clark,,0.98,"{Stewart,was,born,in,Edinburgh,"","",the,son,of,Elizabeth,Jane,-LRB-,n,e,Clark,-RRB-,and,John,Stewart,of,Nairn,.}",14,1,0,1,1,"{INV_LENGTHS_[1_1],INV_NGRAM_1_[bear],""INV_NGRAM_2_[son of]"",INV_NGRAM_1_[be],""INV_NGRAM_2_[be bear]"",""INV_NGRAM_2_[, the]""}","{-1.76446,1.20678,1.07891,1.04369,0.984555,0.834822}"
42023937@31_0-42023937@31_5,42023937@31,Adonis Thomas-Sandra Anderson,t,0.996,"{Thomas,is,the,son,of,Sandra,Anderson,and,Eric,Thomas,.}",5,2,0,1,1,"{""INV_NGRAM_2_[son of]"",INV_NGRAM_1_[be],INV_W_LEMMA_L_1_R_1_[.]_[and],""INV_NGRAM_2_[be the]"",INV_LENGTHS_[3_1],INV_NGRAM_1_[of]}","{1.07891,1.04369,0.885349,0.838489,0.810366,0.650409}"
6940504@13_0-6940504@13_10,6940504@13,Carole Samaha-Antoine Samaha,,0.93,"{Samaha,was,born,on,25,July,1972,in,Beirut,to,Antoine,Samaha,from,Khenchara,"","",Matn,and,Nouhad,hawi,from,Dhour,El,Choueir,"","",Matn,.}",10,2,0,1,1,"{INV_NGRAM_1_[bear],INV_NGRAM_1_[be],""INV_NGRAM_2_[be bear]"",IS_INVERTED,""INV_BETW_[prep_to bear nsubjpass]"",""INV_BETW_D_[prep_to bear nsubjpass]""}","{1.20678,1.04369,0.984555,-0.557024,0.554747,0.554747}"
8430398@3_0-8430398@3_26,8430398@3,Federico Higuaín-Lautaro Higua,,0.956,"{Higua,n,was,born,in,Buenos,Aires,"","",the,son,of,the,Argentine,former,footballer,Jorge,Higua,n.,Higua,n,has,three,brothers,"","",Nicolas,"","",Lautaro,and,Gonzalo,Higua,n,who,plays,for,S.S.C.,Napoli,in,Italy,.}",26,2,0,1,1,"{num_words_between>20,INV_NGRAM_1_[bear],""INV_NGRAM_2_[son of]"",INV_NGRAM_1_[be],""INV_NGRAM_2_[be bear]"",""INV_NGRAM_2_[, the]""}","{-1.26252,1.20678,1.07891,1.04369,0.984555,0.834822}"
1308973@20_0-1308973@20_6,1308973@20,Twinkle Khanna-Dimple Kapadia,t,0.99,"{Twinkle,Khanna,is,the,daughter,of,Dimple,Kapadia,and,Rajesh,Khanna,.}",6,2,0,2,2,"{INV_NGRAM_1_[be],INV_NGRAM_1_[daughter],""INV_NGRAM_2_[daughter of]"",INV_W_LEMMA_L_1_R_1_[.]_[and],""INV_NGRAM_2_[be the]"",INV_NGRAM_1_[of]}","{1.04369,0.907746,0.905494,0.885349,0.838489,0.650409}"
44392636@3_5-44392636@3_22,44392636@3,Margaret Fordyce Dalrymple Hay-Bessie,,1,"{Born,Christmas,Eve,1889,"","",Hay,was,the,eldest,of,six,children,born,to,Richard,Dalrymple,Hay,"","",surveyor,and,his,wife,Bessie,"","",nee,Cheesbrough,"","",then,living,in,Rushcutters,Bay,"","",Sydney,.}",22,1,5,1,1,"{INV_NGRAM_1_[bear],INV_NGRAM_1_[be],INV_NGRAM_1_[and],""INV_NGRAM_2_[be the]"",INV_NGRAM_1_[of],IS_INVERTED}","{1.20678,1.04369,0.915322,0.838489,0.650409,-0.557024}"
236585@5_0-236585@5_14,236585@5,C. Thomas Howell-Christopher N. Howell,,1,"{Howell,was,born,in,Van,Nuys,"","",California,"","",the,son,of,Candice,and,Christopher,N.,Howell,.}",14,3,0,1,1,"{INV_NGRAM_1_[bear],""INV_NGRAM_2_[son of]"",INV_NGRAM_1_[be],""INV_NGRAM_2_[be bear]"",INV_NGRAM_1_[and],""INV_NGRAM_2_[, the]""}","{1.20678,1.07891,1.04369,0.984555,0.915322,0.834822}"
31872381@3_13-31872381@3_29,31872381@3,"John Dutton, 2nd Baron Sherborne-Wenman Coke",,0.944,"{Sherborne,was,the,son,of,James,Dutton,"","",1st,Baron,Sherborne,"","",of,Sherborne,"","",Gloucestershire,"","",by,his,wife,Elizabeth,Coke,-LRB-,1753,1824,-RRB-,"","",daughter,of,Wenman,Coke,and,Elizabeth,Chamberlayne,.}",29,2,13,1,1,"{INV_NGRAM_1_[daughter],""INV_NGRAM_2_[daughter of]"",INV_NGRAM_1_[of],""INV_W_NER_L_3_R_1_[PERSON O O]_[O]"",IS_INVERTED,INV_NGRAM_1_[-rrb-]}","{0.907746,0.905494,0.650409,0.586454,-0.557024,0.471323}"
34343506@3_0-34343506@3_4,34343506@3,Almog Buzaglo-Jacob Buzaglo,,0.968,"{Almog,'s,father,is,Jacob,Buzaglo,a,former,player,who,played,in,the,70,'s,and,80,'s,in,Hapoel,Tel,Aviv,"","",Beitar,Jerusalem,and,Hapoel,Jerusalem,.}",4,2,0,1,1,"{INV_NGRAM_1_[father],INV_NGRAM_1_[be],""INV_NER_SEQ_[O O O]"",INV_NGRAM_1_['s],IS_INVERTED,INV_STARTS_WITH_CAPITAL_[True_True]}","{1.91966,1.04369,0.726181,-0.6121,-0.557024,-0.454179}"
42588111@1_6-42588111@1_19,42588111@1,Krishna Rao (Maratha empire)-Baji Rao,,0.95,"{Krishna,Rao,-LRB-,Maratha,empire,-RRB-,Krishna,Rao,-LRB-,1734,-14,January,1761,-RRB-,was,the,fourth,son,of,Baji,Rao,"","",Peshwa,of,Maratha,empire,and,his,wife,Mastani,.}",19,2,6,2,2,"{""INV_NGRAM_2_[son of]"",INV_NGRAM_1_[be],""INV_NGRAM_2_[be the]"",INV_NGRAM_1_[of],IS_INVERTED,INV_NGRAM_1_[son]}","{1.07891,1.04369,0.838489,0.650409,-0.557024,0.547759}"
44974828@3_0-44974828@3_23,44974828@3,Susanna Wright-John Wright,,0.944,"{Wright,was,born,in,Warrington,in,the,county,of,Lancashire,"","",England,"","",on,Aug.,4,"","",1697,"","",to,the,Quaker,businessman,John,Wright,and,his,wife,Patience,.}",23,2,0,1,1,"{num_words_between>20,INV_NGRAM_1_[bear],INV_NGRAM_1_[be],""INV_NGRAM_2_[be bear]"",INV_W_LEMMA_L_1_R_1_[.]_[and],""INV_NGRAM_2_[in the]""}","{-1.26252,1.20678,1.04369,0.984555,0.885349,-0.695938}"
9824615@2_0-9824615@2_5,9824615@2,Cindy Duehring-Donald Froeschle,,0.996,"{Duehring,was,the,daughter,of,Donald,and,Jan,Froeschle,.}",5,2,0,1,1,"{INV_NGRAM_1_[be],INV_NGRAM_1_[daughter],""INV_NGRAM_2_[daughter of]"",""INV_NGRAM_2_[be the]"",INV_NGRAM_1_[of],IS_INVERTED}","{1.04369,0.907746,0.905494,0.838489,0.650409,-0.557024}"
23136909@5_0-23136909@5_9,23136909@5,F. D. Reeve-Anne Conrad D'Olier,,1,"{Reeve,was,born,in,Philadelphia,"","",the,son,of,Anne,Conrad,D'Olier,and,Richard,Henry,Reeve,.}",9,3,0,1,1,"{INV_NGRAM_1_[bear],""INV_NGRAM_2_[son of]"",INV_NGRAM_1_[be],""INV_NGRAM_2_[be bear]"",INV_W_LEMMA_L_1_R_1_[.]_[and],""INV_NGRAM_2_[, the]""}","{1.20678,1.07891,1.04369,0.984555,0.885349,0.834822}"
2135344@1_3-2135344@1_38,2135344@1,Richard Arkwright junior-Mellor,,0.974,"{Richard,Arkwright,junior,Richard,Arkwright,junior,-LRB-,19,December,1755,23,April,1843,-RRB-,"","",the,son,of,Sir,Richard,Arkwright,of,Cromford,"","",Derbyshire,"","",was,the,financier,-LRB-,creditor,-RRB-,of,Samuel,Oldknow,of,Marple,and,Mellor,and,a,personal,friend,.}",38,1,3,2,2,"{num_words_between>20,""INV_NGRAM_2_[son of]"",INV_NGRAM_1_[be],INV_NGRAM_1_[and],""INV_NGRAM_2_[be the]"",""INV_NGRAM_2_[, the]""}","{-1.26252,1.07891,1.04369,0.915322,0.838489,0.834822}"
16926223@3_0-16926223@3_9,16926223@3,"Sir Andrew Agnew, 7th Baronet-Martha",,0.98,"{Andrew,Agnew,was,the,son,of,Andrew,Agnew,and,Martha,"","",daughter,of,John,de,Courcy,"","",19th,Lord,Kingsale,.}",9,1,0,2,2,"{""INV_NGRAM_2_[son of]"",INV_NGRAM_1_[be],INV_NGRAM_1_[and],""INV_NGRAM_2_[be the]"",""INV_W_LEMMA_L_1_R_1_[.]_[,]"",INV_NGRAM_1_[of]}","{1.07891,1.04369,0.915322,0.838489,0.741353,0.650409}"
847154@9_0-847154@9_13,847154@9,Keith Duffy-Sean,,0.942,"{Duffy,was,born,on,1,October,1974,in,Donaghmede,"","",Dublin,to,parents,Sean,and,Pat,.}",13,1,0,1,1,"{INV_NGRAM_1_[bear],INV_NGRAM_1_[be],""INV_NGRAM_2_[be bear]"",INV_W_LEMMA_L_1_R_1_[.]_[and],INV_NGRAM_1_[parent],IS_INVERTED}","{1.20678,1.04369,0.984555,0.885349,0.669823,-0.557024}"
6778@65_8-6778@65_19,6778@65,Ceawlin of Wessex-Cynric,,0.942,"{The,first,record,of,a,battle,fought,by,Ceawlin,is,in,556,"","",when,he,and,his,father,"","",Cynric,"","",fought,the,native,Britons,at,``,Beran,byrg,'',"","",or,Bera,'s,Stronghold,.}",19,1,8,1,1,"{INV_NGRAM_1_[father],INV_LENGTHS_[1_1],""INV_NGRAM_2_[he father]"",INV_NGRAM_1_[be],INV_NGRAM_1_[and],""INV_NGRAM_2_[father ,]""}","{1.91966,-1.76446,1.09101,1.04369,0.915322,0.715382}"
35827361@4_0-35827361@4_28,35827361@4,Wilhelm Malte I-Sophie Wilhelmine,,0.998,"{Wilhelm,Malte,was,born,on,1,August,1783,in,Putbus,as,the,son,of,the,Swedish,``,Hofmarschall,'',"","",Malte,Friedrich,of,Putbus,and,his,wife,"","",Sophie,Wilhelmine,"","",n,e,Countess,von,der,Schulenburg,"","",when,R,gen,still,belonged,to,Sweden,as,a,result,of,the,Thirty,Years,',War,.}",28,2,0,2,2,"{num_words_between>20,INV_NGRAM_1_[bear],""INV_NGRAM_2_[son of]"",INV_NGRAM_1_[be],""INV_NGRAM_2_[be bear]"",INV_LENGTHS_[3_2]}","{-1.26252,1.20678,1.07891,1.04369,0.984555,0.978387}"
24813378@1_3-24813378@1_52,24813378@1,George Paulet-William Windsor,,0.988,"{George,Paulet,Sir,George,Paulet,-LRB-,1553,1608,-RRB-,"","",also,known,as,Pawlet,or,Powlet,"","",was,the,son,of,Sir,George,Paulet,-LRB-,died,1558,-RRB-,of,Crondall,"","",Hampshire,"","",brother,of,William,Paulet,"","",1st,Marquess,of,Winchester,"","",and,his,third,wife,"","",Elizabeth,"","",daughter,of,William,Windsor,"","",2nd,Baron,Windsor,.}",52,2,3,2,2,"{num_words_between>20,""INV_NGRAM_2_[son of]"",INV_NGRAM_1_[be],INV_LENGTHS_[3_2],INV_NGRAM_1_[and],INV_NGRAM_1_[daughter]}","{-1.26252,1.07891,1.04369,0.978387,0.915322,0.907746}"
31889619@5_0-31889619@5_19,31889619@5,Pushpa Sundar Tuladhar-Shubha Sundar,,1,"{Tuladhar,was,born,at,Asan,Dhalasikwa,in,Kathmandu,"","",the,eldest,among,two,sons,and,three,daughters,of,father,Shubha,Sundar,and,mother,Mohan,Maya,Tuladhar,.}",19,2,0,1,1,"{INV_NGRAM_1_[father],INV_NGRAM_1_[bear],INV_NGRAM_1_[be],""INV_NGRAM_2_[be bear]"",INV_NGRAM_1_[and],INV_NGRAM_1_[daughter]}","{1.91966,1.20678,1.04369,0.984555,0.915322,0.907746}"
17181446@5_0-17181446@5_14,17181446@5,Roland Tec-Leon Tec,t,0.976,"{Tec,was,raised,in,Westport,"","",Connecticut,"","",by,his,Jewish-Polish,and,Holocaust-survivor,parents,Leon,and,Nechama,Tec,.}",14,2,0,1,1,"{INV_NGRAM_1_[be],INV_NGRAM_1_[and],INV_NGRAM_1_[parent],IS_INVERTED,INV_LENGTHS_[1_0],INV_STARTS_WITH_CAPITAL_[True_True]}","{1.04369,0.915322,0.669823,-0.557024,-0.483334,-0.454179}"
23139778@5_0-23139778@5_20,23139778@5,Bernardo Peres da Silva-Mariana Veloso,,0.956,"{Bernardo,Peres,da,Silva,was,born,in,Neura,Island,in,Goa,to,Jos,Tom,s,de,Vila,Nova,Peres,and,Mariana,Veloso,and,was,orphaned,at,a,very,young,age,.}",20,2,0,4,4,"{INV_NGRAM_1_[bear],INV_NGRAM_1_[be],""INV_NGRAM_2_[be bear]"",INV_NGRAM_1_[and],INV_W_LEMMA_L_1_R_1_[.]_[and],IS_INVERTED}","{1.20678,1.04369,0.984555,0.915322,0.885349,-0.557024}"
35858150@1_0-35858150@1_10,35858150@1,Ivan Court-John,,0.92,"{Ivan,Court,Ivan,Court,was,the,65th,mayor,of,Saint,John,"","",New,Brunswick,in,Canada,from,May,28,"","",2008,May,28,"","",2012,.}",10,1,0,2,2,"{INV_NGRAM_1_[be],""INV_NGRAM_2_[be the]"",""INV_W_LEMMA_L_1_R_1_[.]_[,]"",INV_NGRAM_1_[of],IS_INVERTED,INV_STARTS_WITH_CAPITAL_[True_True]}","{1.04369,0.838489,0.741353,0.650409,-0.557024,-0.454179}"
15603593@2_10-15603593@2_19,15603593@2,"Robert Petre, 8th Baron Petre-Catherine Walmesley",,0.974,"{Lord,Petre,was,the,son,of,Robert,Petre,"","",7th,Baron,Petre,-LRB-,1689,1713,-RRB-,and,his,wife,Catherine,Walmesley,-LRB-,1697,-,31,January,1785,-RRB-,"","",heiress,of,the,Walmesley,family,of,Lancashire,.}",19,2,10,2,2,"{INV_LENGTHS_[3_2],INV_NGRAM_1_[and],IS_INVERTED,""INV_NGRAM_2_[-rrb- and]"",INV_NGRAM_1_[-rrb-],INV_STARTS_WITH_CAPITAL_[True_True]}","{0.978387,0.915322,-0.557024,0.550152,0.471323,-0.454179}"
9204873@1_0-9204873@1_20,9204873@1,"Gordon ""Butch"" Stewart-Gordon L. Stewart",,0.946,"{Gordon,``,Butch,'',Stewart,Gordon,``,Butch,'',Stewart,was,born,6,July,1941,in,Kingston,"","",Jamaica,to,Gordon,L.,Stewart,"","",an,engineer,for,JBC,and,Jean,"","",his,wife,.}",20,3,0,1,1,"{INV_NGRAM_1_[bear],INV_NGRAM_1_[be],""INV_NGRAM_2_[be bear]"",INV_LENGTHS_[3_1],""INV_W_LEMMA_L_1_R_1_[.]_[,]"",IS_INVERTED}","{1.20678,1.04369,0.984555,0.810366,0.741353,-0.557024}"
25445328@3_0-25445328@3_5,25445328@3,Motty Perry-Kibbutz Yad Mordechai,,0.964,"{Motty,Perry,was,born,on,Kibbutz,Yad,Mordechai,.}",5,3,0,2,2,"{INV_NGRAM_1_[bear],INV_NGRAM_1_[be],""INV_NGRAM_2_[be bear]"",""INV_NER_SEQ_[O O O]"",IS_INVERTED,INV_STARTS_WITH_CAPITAL_[True_True]}","{1.20678,1.04369,0.984555,0.726181,-0.557024,-0.454179}"
16825594@9_0-16825594@9_11,16825594@9,Ambrose Madison-Isabella Minor Todd,,0.986,"{Ambrose,was,born,in,1696,in,Virginia,to,John,Madison,and,Isabella,Minor,Todd,.}",11,3,0,1,1,"{INV_NGRAM_1_[bear],INV_NGRAM_1_[be],""INV_NGRAM_2_[be bear]"",INV_NGRAM_1_[and],INV_LENGTHS_[3_1],IS_INVERTED}","{1.20678,1.04369,0.984555,0.915322,0.810366,-0.557024}"
13148729@2_0-13148729@2_35,13148729@2,Charles Zitting-J. Leslie Broadbent,,0.906,"{Zitting,began,his,rise,in,the,leadership,of,the,Mormon,fundamentalist,Short,Creek,Community,when,he,was,arrested,on,April,1,"","",1931,on,charges,of,polygamy,and,bailed,out,by,Lorin,C.,Woolley,"","",J.,Leslie,Broadbent,"","",and,Joseph,W.,Musser,the,next,day,.}",35,3,0,1,1,"{num_words_between>20,INV_NGRAM_1_[be],INV_NGRAM_1_[and],INV_LENGTHS_[3_1],""INV_W_LEMMA_L_1_R_1_[.]_[,]"",""INV_NGRAM_2_[in the]""}","{-1.26252,1.04369,0.915322,0.810366,0.741353,-0.695938}"
43357448@3_0-43357448@3_5,43357448@3,Navarone Garibaldi-Marco Garibaldi,t,1,"{Garibaldi,is,the,son,of,Marco,Garibaldi,and,Priscilla,Presley,"","",and,also,half-brother,of,Lisa,Marie,Presley,.}",5,2,0,1,1,"{""INV_NGRAM_2_[son of]"",INV_NGRAM_1_[be],INV_W_LEMMA_L_1_R_1_[.]_[and],""INV_NGRAM_2_[be the]"",INV_LENGTHS_[3_1],INV_NGRAM_1_[of]}","{1.07891,1.04369,0.885349,0.838489,0.810366,0.650409}"
916752@6_0-916752@6_11,916752@6,Shelby Foote-Shelby Dade Foote,t,0.996,"{Foote,was,born,in,Greenville,"","",Mississippi,"","",the,son,of,Shelby,Dade,Foote,and,his,wife,Lillian,-LRB-,n,e,Rosenstock,-RRB-,.}",11,3,0,1,1,"{INV_NGRAM_1_[bear],""INV_NGRAM_2_[son of]"",INV_NGRAM_1_[be],""INV_NGRAM_2_[be bear]"",INV_W_LEMMA_L_1_R_1_[.]_[and],""INV_NGRAM_2_[, the]""}","{1.20678,1.07891,1.04369,0.984555,0.885349,0.834822}"
20982006@36_23-20982006@36_38,20982006@36,Captain Logan-Spenica Lawbe,,0.996,"{Captain,Logan,was,a,Shawnee,who,was,raised,by,Benjamin,Logan,and,fought,for,the,United,States,in,the,War,of,1812,Captain,Logan,was,born,in,1774,"","",the,son,of,Shawnee,Chief,Moluntha,"","",and,named,Spenica,Lawbe,.}",38,2,23,1,1,"{INV_NGRAM_1_[bear],""INV_NGRAM_2_[son of]"",INV_NGRAM_1_[be],""INV_NGRAM_2_[be bear]"",INV_NGRAM_1_[and],""INV_NGRAM_2_[, the]""}","{1.20678,1.07891,1.04369,0.984555,0.915322,0.834822}"
40103100@2_0-40103100@2_6,40103100@2,William F. Bell-William R,,0.982,"{Bell,was,born,in,Toronto,to,William,R,and,Audrey,Bell,and,grew,up,in,Willowdale,"","",Ontario,.}",6,2,0,1,1,"{INV_NGRAM_1_[bear],INV_NGRAM_1_[be],""INV_NGRAM_2_[be bear]"",INV_W_LEMMA_L_1_R_1_[.]_[and],IS_INVERTED,""INV_BETW_D_[prep_to bear nsubjpass]""}","{1.20678,1.04369,0.984555,0.885349,-0.557024,0.554747}"
30831878@1_5-30831878@1_21,30831878@1,Roger Vaughan of Tretower-Gwladys,,0.99,"{Roger,Vaughan,of,Tretower,Sir,Roger,Vaughan,-LRB-,died,1471,-RRB-,of,Tretower,Court,"","",was,the,son,of,Welsh,noblewoman,Gwladys,ferch,Dafydd,Gam,and,Sir,Roger,Vaughan,of,Bredwardine,"","",who,fought,and,died,with,Gwladys,',father,"","",Dafydd,Gam,in,the,Battle,of,Agincourt,in,1415,.}",21,1,5,2,2,"{""INV_NGRAM_2_[son of]"",INV_NGRAM_1_[be],""INV_NGRAM_2_[be the]"",INV_NGRAM_1_[of],IS_INVERTED,INV_NGRAM_1_[son]}","{1.07891,1.04369,0.838489,0.650409,-0.557024,0.547759}"
41518671@7_4-41518671@7_18,41518671@7,Mary Babnik Brown-Frank Babnik,,0.974,"{Brown,-LRB-,n,e,Babnik,"","",often,misspelled,Babnick,-RRB-,was,born,in,Pueblo,"","",Colorado,"","",to,Frank,and,Mary,Babnik,"","",immigrants,from,Slovenia,.}",18,2,4,1,1,"{INV_LENGTHS_[1_1],INV_NGRAM_1_[bear],INV_NGRAM_1_[be],""INV_NGRAM_2_[be bear]"",IS_INVERTED,INV_NGRAM_1_[-rrb-]}","{-1.76446,1.20678,1.04369,0.984555,-0.557024,0.471323}"
42055553@6_0-42055553@6_12,42055553@6,R. Sreelekha-N. Velayudhan Nair,,1,"{Sreelekha,was,born,on,25,December,1960,"","",the,daughter,of,Prof.,N.,Velayudhan,Nair,and,B.,Radhamma,.}",12,3,0,1,1,"{INV_NGRAM_1_[bear],INV_NGRAM_1_[be],""INV_NGRAM_2_[be bear]"",INV_NGRAM_1_[daughter],""INV_NGRAM_2_[daughter of]"",INV_W_LEMMA_L_1_R_1_[.]_[and]}","{1.20678,1.04369,0.984555,0.907746,0.905494,0.885349}"
6425351@3_0-6425351@3_11,6425351@3,Lucius E. Chittenden-Giles,,0.988,"{Chittenden,was,born,in,Williston,"","",Vermont,"","",the,son,of,Giles,and,Betsey,-LRB-,Hollenbeck,-RRB-,Chittenden,.}",11,1,0,1,1,"{INV_NGRAM_1_[bear],""INV_NGRAM_2_[son of]"",INV_NGRAM_1_[be],""INV_NGRAM_2_[be bear]"",INV_W_LEMMA_L_1_R_1_[.]_[and],""INV_NGRAM_2_[, the]""}","{1.20678,1.07891,1.04369,0.984555,0.885349,0.834822}"
25024000@3_0-25024000@3_17,25024000@3,Josias Jackson-Elizabeth Gerrald,,0.99,"{Jackson,was,the,son,of,Josias,Jackson,"","",MD,"","",a,planter,in,St,Vincent,"","",and,Elizabeth,Gerrald,"","",of,Saint,Kitts,.}",17,2,0,1,1,"{""INV_NGRAM_2_[son of]"",INV_NGRAM_1_[be],INV_NGRAM_1_[and],""INV_NGRAM_2_[be the]"",INV_LENGTHS_[3_1],""INV_W_LEMMA_L_1_R_1_[.]_[,]""}","{1.07891,1.04369,0.915322,0.838489,0.810366,0.741353}"
18444194@3_0-18444194@3_26,18444194@3,Sophie Conran-Tom,,0.972,"{Conran,is,the,daughter,of,designer,and,restaurateur,Sir,Terence,Conran,and,food,writer,Caroline,Conran,"","",the,sister,of,fashion,designer,Jasper,Conran,"","",restaurateur,Tom,"","",artist,Edmund,and,product,designer,Sebastian,.}",26,1,0,1,1,"{num_words_between>20,INV_NGRAM_1_[be],INV_NGRAM_1_[and],INV_NGRAM_1_[daughter],""INV_NGRAM_2_[daughter of]"",""INV_NGRAM_2_[be the]""}","{-1.26252,1.04369,0.915322,0.907746,0.905494,0.838489}"
13086469@20_12-13086469@20_33,13086469@20,Steve Wilstein-Roger Maris,,0.926,"{The,use,of,steroids,by,players,had,been,only,hinted,at,until,Wilstein,s,story,on,August,21,"","",1998,"","",when,McGwire,and,the,Chicago,Cubs,Sammy,Sosa,were,closing,in,on,Roger,Maris,1961,record,of,61,homers,a,chase,that,captivated,the,country,.}",33,2,12,1,1,"{INV_NGRAM_1_[be],INV_NGRAM_1_[and],IS_INVERTED,INV_STARTS_WITH_CAPITAL_[True_True],INV_NGRAM_1_[the],INV_NGRAM_1_[in]}","{1.04369,0.915322,-0.557024,-0.454179,-0.428725,-0.24753}"
458522@3_10-458522@3_21,458522@3,"Dudley North, 4th Baron North-John Brockett",,0.976,"{North,was,the,elder,son,of,Dudley,North,"","",3rd,Baron,North,and,his,wife,Frances,Brockett,"","",daughter,of,Sir,John,Brockett,of,Brockett,Hall,in,Hertfordshire,.}",21,2,10,2,2,"{INV_NGRAM_1_[and],INV_NGRAM_1_[daughter],""INV_NGRAM_2_[daughter of]"",INV_NGRAM_1_[of],IS_INVERTED,INV_STARTS_WITH_CAPITAL_[True_True]}","{0.915322,0.907746,0.905494,0.650409,-0.557024,-0.454179}"
3598005@3_0-3598005@3_12,3598005@3,Jim Unger-James Unger,,0.992,"{Unger,was,born,in,London,"","",England,"","",to,Lillian,Maud,and,James,Unger,.}",12,2,0,1,1,"{INV_NGRAM_1_[bear],INV_NGRAM_1_[be],""INV_NGRAM_2_[be bear]"",INV_NGRAM_1_[and],IS_INVERTED,INV_STARTS_WITH_CAPITAL_[True_True]}","{1.20678,1.04369,0.984555,0.915322,-0.557024,-0.454179}"
39124170@2_0-39124170@2_22,39124170@2,Edward Bechly-Lydia Marie Weesner,,1,"{Edward,Bechly,-LRB-,sometimes,spelled,Beckly,or,Bechley,-RRB-,was,the,second,son,of,Freiderich,August,Bechly,-LRB-,1835,1916,-RRB-,and,Lydia,Marie,Weesner,-LRB-,1850,1899,-RRB-,.}",22,3,0,2,2,"{""INV_NGRAM_2_[son of]"",INV_NGRAM_1_[be],INV_LENGTHS_[3_2],INV_NGRAM_1_[and],""INV_NGRAM_2_[be the]"",INV_NGRAM_1_[of]}","{1.07891,1.04369,0.978387,0.915322,0.838489,0.650409}"
16294@138_4-16294@138_17,16294@138,Jahangir-Abul Hasan Asaf Khan,,0.978,"{In,the,year,1594,Jahangir,was,dispatched,by,his,father,"","",the,Mughal,Emperor,Akbar,"","",alongside,Abul,Hasan,Asaf,Khan,also,known,as,Mirza,Jaafar,Beg,son,of,Mirza,Ghias,Beg,Isfahani,and,brother,of,Nur,Jehan,and,Abu,`,l-Fazl,ibn,Mubarak,"","",to,defeat,the,renegade,Vir,Singh,Deo,of,Bundela,and,capture,the,city,of,Orchha,"","",which,was,considered,the,center,of,the,revolt,.}",17,4,4,1,1,"{INV_NGRAM_1_[father],""INV_NGRAM_2_[he father]"",INV_NGRAM_1_[be],""INV_NGRAM_2_[, the]"",""INV_NGRAM_2_[father ,]"",IS_INVERTED}","{1.91966,1.09101,1.04369,0.834822,0.715382,-0.557024}"
24302340@38_0-24302340@38_10,24302340@38,Ben Horowitz-David Horowitz,t,0.986,"{Horowitz,is,the,son,of,conservative,writer,and,policy,advocate,David,Horowitz,.}",10,2,0,1,1,"{""INV_NGRAM_2_[son of]"",INV_NGRAM_1_[be],INV_NGRAM_1_[and],""INV_NGRAM_2_[be the]"",INV_NGRAM_1_[of],IS_INVERTED}","{1.07891,1.04369,0.915322,0.838489,0.650409,-0.557024}"
550377@3_0-550377@3_11,550377@3,Moktar Ould Daddah-Ouled Birri,,0.96,"{Ould,Daddah,was,born,to,an,important,marabout,family,of,the,Ouled,Birri,tribe,in,Boutilimit,"","",Mauritania,"","",French,West,Africa,.}",11,2,0,2,2,"{INV_NGRAM_1_[bear],INV_NGRAM_1_[be],""INV_NGRAM_2_[be bear]"",INV_NGRAM_1_[of],IS_INVERTED,""INV_NGRAM_2_[to a]""}","{1.20678,1.04369,0.984555,0.650409,-0.557024,-0.478209}"
22095953@4_0-22095953@4_24,22095953@4,Gerhard Schøning-Martha Ursin,,0.998,"{Gerhard,Sch,ning,was,born,2,May,1722,on,Skotnes,farm,in,Buksnes,"","",Lofoten,"","",the,son,of,merchant,Andreas,Sch,ning,and,Martha,Ursin,.}",24,2,0,2,2,"{num_words_between>20,INV_NGRAM_1_[bear],""INV_NGRAM_2_[son of]"",INV_NGRAM_1_[be],""INV_NGRAM_2_[be bear]"",INV_NGRAM_1_[and]}","{-1.26252,1.20678,1.07891,1.04369,0.984555,0.915322}"
